{"stats":{"minecraft:picked_up":{"minecraft:dirt":4},"minecraft:custom":{"minecraft:jump":59,"minecraft:time_since_rest":6111,"minecraft:leave_game":1,"minecraft:damage_dealt":25,"minecraft:crouch_one_cm":244,"minecraft:sprint_one_cm":2897,"minecraft:play_time":6111,"minecraft:damage_taken":40,"minecraft:time_since_death":6111,"minecraft:walk_one_cm":1497,"minecraft:sneak_time":97,"minecraft:total_world_time":6111,"minecraft:fall_one_cm":1969,"minecraft:fly_one_cm":34741},"minecraft:mined":{"minecraft:short_grass":10,"minecraft:grass_block":4},"minecraft:used":{"minecraft:dirt":4}},"DataVersion":4082}